date,pollution_today
02-01-2010,145.9583333
03-01-2010,78.83333333
04-01-2010,31.33333333
05-01-2010,42.45833333
06-01-2010,56.41666667
07-01-2010,69
08-01-2010,176.2083333
09-01-2010,88.5
10-01-2010,57.25
11-01-2010,20
12-01-2010,20.75
13-01-2010,40.20833333
14-01-2010,93.70833333
15-01-2010,45.45833333
16-01-2010,177.625
17-01-2010,209.2083333
18-01-2010,260.2083333
19-01-2010,340.75
20-01-2010,85.33333333
21-01-2010,27.04166667
22-01-2010,29.41666667
23-01-2010,23.96568627
24-01-2010,40.92647059
25-01-2010,64.22058824
26-01-2010,138.6372549
27-01-2010,122.3333333
28-01-2010,21.16666667
29-01-2010,23.875
30-01-2010,44.29166667
31-01-2010,39.25
01-02-2010,64.79166667
02-02-2010,65.625
03-02-2010,77.54166667
04-02-2010,58.5
05-02-2010,78.45833333
06-02-2010,76.125
07-02-2010,109.1666667
08-02-2010,178.0833333
09-02-2010,157.25
10-02-2010,12.41666667
11-02-2010,14.33333333
12-02-2010,23.08333333
13-02-2010,78.08333333
14-02-2010,131.9791667
15-02-2010,30
16-02-2010,93.58333333
17-02-2010,67.29166667
18-02-2010,79.66666667
19-02-2010,112.9583333
20-02-2010,178.5
21-02-2010,125.75
22-02-2010,94.5
23-02-2010,166.5
24-02-2010,277.7083333
25-02-2010,169.625
26-02-2010,69.875
27-02-2010,76.41666667
28-02-2010,83.58333333
01-03-2010,57.91666667
02-03-2010,90.08333333
03-03-2010,157.875
04-03-2010,186.0833333
05-03-2010,31.33333333
06-03-2010,50.04166667
07-03-2010,87.25
08-03-2010,48.33333333
09-03-2010,18
10-03-2010,59.58333333
11-03-2010,171.625
12-03-2010,49.20833333
13-03-2010,62.125
14-03-2010,83.875
15-03-2010,64.5
16-03-2010,64.25
17-03-2010,40.79166667
18-03-2010,157.6666667
19-03-2010,228.4166667
20-03-2010,203.0416667
21-03-2010,68.91666667
22-03-2010,157.125
23-03-2010,52.125
24-03-2010,62.83333333
25-03-2010,30.41666667
26-03-2010,67.70833333
27-03-2010,72.33333333
28-03-2010,71.79166667
29-03-2010,213.7083333
30-03-2010,215.0856481
31-03-2010,141.4351852
01-04-2010,28.04166667
02-04-2010,30.75
03-04-2010,101.2083333
04-04-2010,123.5
05-04-2010,135.0833333
06-04-2010,20.375
07-04-2010,92.875
08-04-2010,106
09-04-2010,85.91666667
10-04-2010,36.20833333
11-04-2010,68.75
12-04-2010,47.79166667
13-04-2010,20.125
14-04-2010,56.79166667
15-04-2010,171.0833333
16-04-2010,211
17-04-2010,147.5833333
18-04-2010,232.625
19-04-2010,211.125
20-04-2010,82.83333333
21-04-2010,39.58333333
22-04-2010,39.41666667
23-04-2010,33.16666667
24-04-2010,86.54166667
25-04-2010,87.5
26-04-2010,13.375
27-04-2010,24.66666667
28-04-2010,16.375
29-04-2010,18.66666667
30-04-2010,27.58333333
01-05-2010,69.375
02-05-2010,78.04166667
03-05-2010,109.875
04-05-2010,137.2916667
05-05-2010,125.4583333
06-05-2010,18.95833333
07-05-2010,96.41666667
08-05-2010,128.2916667
09-05-2010,79.875
10-05-2010,47.45833333
11-05-2010,16.04166667
12-05-2010,43.66666667
13-05-2010,67.33333333
14-05-2010,136.125
15-05-2010,181.75
16-05-2010,109.9583333
17-05-2010,69.375
18-05-2010,51.625
19-05-2010,33.91666667
20-05-2010,64.08333333
21-05-2010,108.2083333
22-05-2010,151.3333333
23-05-2010,125.25
24-05-2010,45.79166667
25-05-2010,33.20833333
26-05-2010,81.91666667
27-05-2010,85.35416667
28-05-2010,130.875
29-05-2010,143.5
30-05-2010,39.45833333
31-05-2010,84.41666667
01-06-2010,109.8875
02-06-2010,93.44583333
03-06-2010,115.4583333
04-06-2010,81.3390411
05-06-2010,101.1712329
06-06-2010,125.8287671
07-06-2010,137.9526256
08-06-2010,158.0964912
09-06-2010,83.88267544
10-06-2010,49.875
11-06-2010,86.83333333
12-06-2010,110.1666667
13-06-2010,115.9583333
14-06-2010,83.66666667
15-06-2010,146.375
16-06-2010,93.91666667
17-06-2010,36.66666667
18-06-2010,67.08333333
19-06-2010,94.5
20-06-2010,80.5
21-06-2010,74.20833333
22-06-2010,132.7916667
23-06-2010,90.70833333
24-06-2010,76.83333333
25-06-2010,163.4166667
26-06-2010,173.4166667
27-06-2010,117.9583333
28-06-2010,153.4166667
29-06-2010,188.5416667
30-06-2010,177.5
01-07-2010,126.1666667
02-07-2010,27.54166667
03-07-2010,68.95833333
04-07-2010,91.79166667
05-07-2010,48.08333333
06-07-2010,25.58333333
07-07-2010,56.91666667
08-07-2010,45.625
09-07-2010,86.16666667
10-07-2010,80.875
11-07-2010,163.9166667
12-07-2010,120.9583333
13-07-2010,106.25
14-07-2010,129.2916667
15-07-2010,195.9166667
16-07-2010,202.75
17-07-2010,113.6666667
18-07-2010,156.0416667
19-07-2010,167.8333333
20-07-2010,43.16666667
21-07-2010,70.83333333
22-07-2010,163.4583333
23-07-2010,173.5416667
24-07-2010,94.08333333
25-07-2010,164.2083333
26-07-2010,210.875
27-07-2010,183.75
28-07-2010,176.75
29-07-2010,197.5833333
30-07-2010,214.9166667
31-07-2010,125.5833333
01-08-2010,41.54166667
02-08-2010,68.79166667
03-08-2010,146.1666667
04-08-2010,120.0833333
05-08-2010,22.41666667
06-08-2010,19.875
07-08-2010,79.875
08-08-2010,92.83333333
09-08-2010,238.1666667
10-08-2010,148.1666667
11-08-2010,116.1666667
12-08-2010,92.33333333
13-08-2010,132.34843
14-08-2010,136.3478261
15-08-2010,125.2173913
16-08-2010,102.3363527
17-08-2010,141.875
18-08-2010,233.8333333
19-08-2010,110.1666667
20-08-2010,119.25
21-08-2010,38.66666667
22-08-2010,21.95833333
23-08-2010,79.375
24-08-2010,132.375
25-08-2010,87.625
26-08-2010,63.875
27-08-2010,39.41666667
28-08-2010,47.66666667
29-08-2010,114.8333333
30-08-2010,109.4166667
31-08-2010,88.79166667
01-09-2010,70.375
02-09-2010,96.20833333
03-09-2010,110.9166667
04-09-2010,93.58333333
05-09-2010,118.7916667
06-09-2010,153.9583333
07-09-2010,134.5833333
08-09-2010,96.54166667
09-09-2010,159.75
10-09-2010,99.75
11-09-2010,61.375
12-09-2010,121.2083333
13-09-2010,156.5833333
14-09-2010,195.7916667
15-09-2010,306.6666667
16-09-2010,195.5
17-09-2010,45.04166667
18-09-2010,23.29166667
19-09-2010,70.27083333
20-09-2010,92.75
21-09-2010,7.913995726
22-09-2010,12.27884615
23-09-2010,18.58653846
24-09-2010,24.89423077
25-09-2010,31.20192308
26-09-2010,37.50961538
27-09-2010,45.99553225
28-09-2010,86.53246753
29-09-2010,137.6493506
30-09-2010,188.8333333
01-10-2010,223.5
02-10-2010,35.04166667
03-10-2010,10
04-10-2010,24.54166667
05-10-2010,77.08333333
06-10-2010,268.8333333
07-10-2010,377.0833333
08-10-2010,368.2916667
09-10-2010,357.25
10-10-2010,387.9583333
11-10-2010,10.375
12-10-2010,50.79166667
13-10-2010,116.25
14-10-2010,16.04166667
15-10-2010,39.33333333
16-10-2010,76.25
17-10-2010,45.70833333
18-10-2010,67.75
19-10-2010,71.66666667
20-10-2010,82.20833333
21-10-2010,124.375
22-10-2010,168.9166667
23-10-2010,216.625
24-10-2010,101.4583333
25-10-2010,11.125
26-10-2010,13.04166667
27-10-2010,86.875
28-10-2010,77.29166667
29-10-2010,52.125
30-10-2010,50.70833333
31-10-2010,72.70833333
01-11-2010,51.77651515
02-11-2010,45.5
03-11-2010,71.43181818
04-11-2010,65.79166667
05-11-2010,101.5
06-11-2010,271.0833333
07-11-2010,69.375
08-11-2010,12.875
09-11-2010,59.33333333
10-11-2010,130.4583333
11-11-2010,75.75
12-11-2010,66.04166667
13-11-2010,17.04166667
14-11-2010,22
15-11-2010,52.91666667
16-11-2010,138.9583333
17-11-2010,320.1666667
18-11-2010,384.5
19-11-2010,370.3333333
20-11-2010,296.5833333
21-11-2010,136.7083333
22-11-2010,67.25
23-11-2010,230.875
24-11-2010,71.75
25-11-2010,66.625
26-11-2010,116.6666667
27-11-2010,27.66666667
28-11-2010,171.4166667
29-11-2010,190.4166667
30-11-2010,224.2083333
01-12-2010,257.625
02-12-2010,83.5
03-12-2010,74.75
04-12-2010,167.3333333
05-12-2010,78.45833333
06-12-2010,17.875
07-12-2010,57
08-12-2010,39.41666667
09-12-2010,193.9583333
10-12-2010,104.375
11-12-2010,45.75
12-12-2010,115.4583333
13-12-2010,20.83333333
14-12-2010,17.33333333
15-12-2010,22.41666667
16-12-2010,54.20833333
17-12-2010,108.3333333
18-12-2010,271.75
19-12-2010,153.125
20-12-2010,200.2916667
21-12-2010,434.8333333
22-12-2010,145.125
23-12-2010,23.16666667
24-12-2010,43.45833333
25-12-2010,55.58333333
26-12-2010,50.625
27-12-2010,79.70833333
28-12-2010,28.16666667
29-12-2010,36.625
30-12-2010,17.58333333
31-12-2010,18.66666667
01-01-2011,29
02-01-2011,36.66666667
03-01-2011,162.2916667
04-01-2011,91.33333333
05-01-2011,20.25
06-01-2011,15.875
07-01-2011,46.66666667
08-01-2011,59.6292517
09-01-2011,27.87755102
10-01-2011,52.36819728
11-01-2011,27
12-01-2011,62.79166667
13-01-2011,126.375
14-01-2011,17.58333333
15-01-2011,16.125
16-01-2011,36.08333333
17-01-2011,37.875
18-01-2011,20.20833333
19-01-2011,20.75
20-01-2011,38.75
21-01-2011,71.66666667
22-01-2011,56.29166667
23-01-2011,14.5
24-01-2011,44.29166667
25-01-2011,34.29166667
26-01-2011,67.54166667
27-01-2011,31.875
28-01-2011,18.20833333
29-01-2011,11.91666667
30-01-2011,21.20833333
31-01-2011,28.66666667
01-02-2011,35.08333333
02-02-2011,53.29166667
03-02-2011,100.875
04-02-2011,131.125
05-02-2011,113.25
06-02-2011,54.04166667
07-02-2011,141.625
08-02-2011,98.45833333
09-02-2011,126.875
10-02-2011,65
11-02-2011,62.20833333
12-02-2011,27.58333333
13-02-2011,73.625
14-02-2011,33.125
15-02-2011,202.2083333
16-02-2011,268.875
17-02-2011,209.625
18-02-2011,192.5833333
19-02-2011,189.25
20-02-2011,349.4583333
21-02-2011,493.9166667
22-02-2011,401.4583333
23-02-2011,416.6666667
24-02-2011,143.4583333
25-02-2011,70.91666667
26-02-2011,76.25
27-02-2011,58.54166667
28-02-2011,19.625
01-03-2011,23.5
02-03-2011,25.5
03-03-2011,15.70833333
04-03-2011,59.375
05-03-2011,96.95833333
06-03-2011,14.77083333
07-03-2011,17.97916667
08-03-2011,17.20833333
09-03-2011,20.27083333
10-03-2011,48.70833333
11-03-2011,92.95833333
12-03-2011,275.5416667
13-03-2011,175.2083333
14-03-2011,14.70833333
15-03-2011,15.95833333
16-03-2011,38.41666667
17-03-2011,114.2762681
18-03-2011,106.9619565
19-03-2011,77.48369565
20-03-2011,48.00543478
21-03-2011,22.62681159
22-03-2011,17.41666667
23-03-2011,21.625
24-03-2011,10.625
25-03-2011,21.04166667
26-03-2011,61.66666667
27-03-2011,22.70833333
28-03-2011,45.66666667
29-03-2011,79.83333333
30-03-2011,101.625
31-03-2011,201.9166667
01-04-2011,46.72916667
02-04-2011,60.35416667
03-04-2011,126.4166667
04-04-2011,126
05-04-2011,207.6666667
06-04-2011,145.9056604
07-04-2011,96.5
08-04-2011,45.46933962
09-04-2011,92.625
10-04-2011,22.25
11-04-2011,19.91666667
12-04-2011,101.7916667
13-04-2011,168.1666667
14-04-2011,93.29166667
15-04-2011,35.77083333
16-04-2011,68.54166667
17-04-2011,60.20833333
18-04-2011,16.60416667
19-04-2011,76.5
20-04-2011,142.3333333
21-04-2011,94.89583333
22-04-2011,48
23-04-2011,25.91666667
24-04-2011,17.9375
25-04-2011,110.4583333
26-04-2011,76.29166667
27-04-2011,44.45833333
28-04-2011,101.6666667
29-04-2011,166.3125
30-04-2011,163.875
01-05-2011,68
02-05-2011,24.20833333
03-05-2011,20.33333333
04-05-2011,66.25
05-05-2011,109.3333333
06-05-2011,52.79166667
07-05-2011,32.10416667
08-05-2011,60.5
09-05-2011,51.66666667
10-05-2011,33.625
11-05-2011,104.5416667
12-05-2011,42.54166667
13-05-2011,31.75
14-05-2011,30.41666667
15-05-2011,39.41666667
16-05-2011,52.83333333
17-05-2011,146.0416667
18-05-2011,184.1666667
19-05-2011,12.70833333
20-05-2011,33.08333333
21-05-2011,41.95833333
22-05-2011,65.04166667
23-05-2011,103.6666667
24-05-2011,69.20833333
25-05-2011,60.875
26-05-2011,105.6486111
27-05-2011,102.3722222
28-05-2011,143.3333333
29-05-2011,107.7916667
30-05-2011,57.04166667
31-05-2011,13.45833333
01-06-2011,17.5
02-06-2011,77.95833333
03-06-2011,30.125
04-06-2011,40.375
05-06-2011,84.83333333
06-06-2011,95.20833333
07-06-2011,140.2916667
08-06-2011,27.16666667
09-06-2011,129.375
10-06-2011,115.8333333
11-06-2011,67.45833333
12-06-2011,22
13-06-2011,86.79166667
14-06-2011,153.7916667
15-06-2011,147.2083333
16-06-2011,115.7083333
17-06-2011,100.5416667
18-06-2011,182.5833333
19-06-2011,196.375
20-06-2011,180.125
21-06-2011,146.375
22-06-2011,250.7916667
23-06-2011,139.5416667
24-06-2011,26.95833333
25-06-2011,33.29166667
26-06-2011,52.16666667
27-06-2011,58.45833333
28-06-2011,140.125
29-06-2011,231.9583333
30-06-2011,143.1666667
01-07-2011,141.1666667
02-07-2011,158.8333333
03-07-2011,110.5
04-07-2011,64.58333333
05-07-2011,121.875
06-07-2011,171.375
07-07-2011,28.79166667
08-07-2011,23.20833333
09-07-2011,22
10-07-2011,82.66666667
11-07-2011,193.2083333
12-07-2011,110.9583333
13-07-2011,95.375
14-07-2011,104.6666667
15-07-2011,74.25
16-07-2011,75.75
17-07-2011,102.125
18-07-2011,103.9583333
19-07-2011,102.5833333
20-07-2011,42.33333333
21-07-2011,90.41666667
22-07-2011,167.75
23-07-2011,288.25
24-07-2011,240.9583333
25-07-2011,48.95833333
26-07-2011,50.16666667
27-07-2011,63.95833333
28-07-2011,202.9166667
29-07-2011,140.9166667
30-07-2011,40.875
31-07-2011,68.74088542
01-08-2011,93.1015625
02-08-2011,76.2265625
03-08-2011,62.32682292
04-08-2011,104.5833333
05-08-2011,150.5
06-08-2011,108.875
07-08-2011,108.8333333
08-08-2011,103.8333333
09-08-2011,168.1331522
10-08-2011,51.63768116
11-08-2011,98.875
12-08-2011,133.75
13-08-2011,120.625
14-08-2011,104.2083333
15-08-2011,119.0833333
16-08-2011,15.41666667
17-08-2011,51.20833333
18-08-2011,20.125
19-08-2011,58.33333333
20-08-2011,77.75
21-08-2011,85.08333333
22-08-2011,106.5
23-08-2011,111.7916667
24-08-2011,108.6458333
25-08-2011,99.29166667
26-08-2011,91
27-08-2011,90.125
28-08-2011,86.25
29-08-2011,120.0625
30-08-2011,164.9166667
31-08-2011,235.1666667
01-09-2011,38.91666667
02-09-2011,55.20833333
03-09-2011,84.54166667
04-09-2011,91.45833333
05-09-2011,90.375
06-09-2011,112.25
07-09-2011,163.2083333
08-09-2011,38.20833333
09-09-2011,21.29166667
10-09-2011,21.625
11-09-2011,43.45833333
12-09-2011,120.5833333
13-09-2011,120.0416667
14-09-2011,155.9166667
15-09-2011,156.1666667
16-09-2011,23.16666667
17-09-2011,17.91666667
18-09-2011,21.5
19-09-2011,28.70833333
20-09-2011,37
21-09-2011,39.5
22-09-2011,50.16666667
23-09-2011,116.4166667
24-09-2011,148.3333333
25-09-2011,260.3333333
26-09-2011,220.4166667
27-09-2011,216.5416667
28-09-2011,289.125
29-09-2011,58.75
30-09-2011,25
01-10-2011,41.5
02-10-2011,23.66666667
03-10-2011,31.90333333
04-10-2011,48.78
05-10-2011,84.3
06-10-2011,119.82
07-10-2011,148.3633333
08-10-2011,189.5
09-10-2011,359.4583333
10-10-2011,80.16666667
11-10-2011,111.375
12-10-2011,229.5833333
13-10-2011,100.0416667
14-10-2011,13.20833333
15-10-2011,14.33333333
16-10-2011,15.91666667
17-10-2011,30.375
18-10-2011,91.08333333
19-10-2011,171.75
20-10-2011,287.2083333
21-10-2011,252.5
22-10-2011,314.2083333
23-10-2011,192.0416667
24-10-2011,18.1875
25-10-2011,40.75
26-10-2011,164.1083333
27-10-2011,215.4541667
28-10-2011,174.5833333
29-10-2011,231.4166667
30-10-2011,285.7916667
31-10-2011,246.25
01-11-2011,214.5833333
02-11-2011,41.375
03-11-2011,67.16666667
04-11-2011,99.25
05-11-2011,29.875
06-11-2011,65.16666667
07-11-2011,57.45833333
08-11-2011,55.375
09-11-2011,37.20833333
10-11-2011,65.91666667
11-11-2011,150.0416667
12-11-2011,57.33333333
13-11-2011,26.79166667
14-11-2011,143.0416667
15-11-2011,208.25
16-11-2011,218.4583333
17-11-2011,121.2916667
18-11-2011,86.16666667
19-11-2011,23.5
20-11-2011,53.08333333
21-11-2011,137.5833333
22-11-2011,167.2083333
23-11-2011,19.45833333
24-11-2011,177.7083333
25-11-2011,213.3333333
26-11-2011,247.0833333
27-11-2011,225.7916667
28-11-2011,138.625
29-11-2011,63.625
30-11-2011,95.77083333
01-12-2011,158.0416667
02-12-2011,320.625
03-12-2011,125.5
04-12-2011,259.2916667
05-12-2011,320.4583333
06-12-2011,239.2916667
07-12-2011,127.5833333
08-12-2011,11.04166667
09-12-2011,18.20833333
10-12-2011,34.29166667
11-12-2011,84.66666667
12-12-2011,48.08333333
13-12-2011,159.6666667
14-12-2011,14.45833333
15-12-2011,14.54166667
16-12-2011,23.04166667
17-12-2011,106.9583333
18-12-2011,54.08333333
19-12-2011,57.75
20-12-2011,87.91666667
21-12-2011,24.22916667
22-12-2011,27.25
23-12-2011,58.125
24-12-2011,39.41666667
25-12-2011,86.79166667
26-12-2011,135.4166667
27-12-2011,198.625
28-12-2011,171.7916667
29-12-2011,61.375
30-12-2011,132.7916667
31-12-2011,159
01-01-2012,78.95833333
02-01-2012,67.58333333
03-01-2012,14.79166667
04-01-2012,30.66666667
05-01-2012,113.0833333
06-01-2012,119.5
07-01-2012,112.75
08-01-2012,165.5416667
09-01-2012,173.5416667
10-01-2012,246.3333333
11-01-2012,50.91666667
12-01-2012,155.25
13-01-2012,59.20833333
14-01-2012,70.475
15-01-2012,111.0866667
16-01-2012,181.8066667
17-01-2012,281.0483333
18-01-2012,397.9583333
19-01-2012,426.7916667
20-01-2012,58.66666667
21-01-2012,15.45833333
22-01-2012,48.04166667
23-01-2012,199.875
24-01-2012,21.375
25-01-2012,61.5
26-01-2012,109.75
27-01-2012,73.625
28-01-2012,86.75
29-01-2012,46.58333333
30-01-2012,117.9166667
31-01-2012,76.375
01-02-2012,18.54166667
02-02-2012,28.20833333
03-02-2012,71.04166667
04-02-2012,35.25
05-02-2012,127.875
06-02-2012,79.79166667
07-02-2012,18.04166667
08-02-2012,14.83333333
09-02-2012,47.54166667
10-02-2012,25.70833333
11-02-2012,87.79166667
12-02-2012,106.5416667
13-02-2012,203.5416667
14-02-2012,112.7916667
15-02-2012,112.0416667
16-02-2012,13.58333333
17-02-2012,13.75
18-02-2012,32.41666667
19-02-2012,70.04166667
20-02-2012,145.0833333
21-02-2012,117.3333333
22-02-2012,167.7916667
23-02-2012,23.45833333
24-02-2012,96.04166667
25-02-2012,22.58333333
26-02-2012,58.91666667
27-02-2012,189.9583333
28-02-2012,208.5833333
29-02-2012,216.4583333
01-03-2012,253.1666667
02-03-2012,127.1666667
03-03-2012,94.04166667
04-03-2012,127.875
05-03-2012,172.625
06-03-2012,21.25
07-03-2012,20.0625
08-03-2012,17.33333333
09-03-2012,90.125
10-03-2012,39.25
11-03-2012,20.91666667
12-03-2012,71.95833333
13-03-2012,116.4583333
14-03-2012,30.79166667
15-03-2012,96.58333333
16-03-2012,269.75
17-03-2012,202.625
18-03-2012,44.08333333
19-03-2012,99.45833333
20-03-2012,132.9583333
21-03-2012,275.125
22-03-2012,172.75
23-03-2012,31.91666667
24-03-2012,18.70833333
25-03-2012,40.41666667
26-03-2012,153.625
27-03-2012,116.9166667
28-03-2012,49.16666667
29-03-2012,47.75
30-03-2012,15.79166667
31-03-2012,26.54166667
01-04-2012,57.04166667
02-04-2012,42.25
03-04-2012,21.29166667
04-04-2012,16.625
05-04-2012,16.375
06-04-2012,29.625
07-04-2012,74
08-04-2012,54.04166667
09-04-2012,123.0833333
10-04-2012,63.70833333
11-04-2012,19.25
12-04-2012,32.25
13-04-2012,54.29166667
14-04-2012,58.875
15-04-2012,74.45833333
16-04-2012,32.45833333
17-04-2012,120.9166667
18-04-2012,157.7916667
19-04-2012,110.875
20-04-2012,145.9166667
21-04-2012,167
22-04-2012,167.3333333
23-04-2012,251.9166667
24-04-2012,97.875
25-04-2012,19.54166667
26-04-2012,73.45833333
27-04-2012,76.66666667
28-04-2012,110.2083333
29-04-2012,179.5416667
30-04-2012,174.2916667
01-05-2012,184.125
02-05-2012,98.45833333
03-05-2012,71.16666667
04-05-2012,117.9166667
05-05-2012,96.20833333
06-05-2012,106.1666667
07-05-2012,87.20833333
08-05-2012,83.79166667
09-05-2012,110.375
10-05-2012,177.25
11-05-2012,157.625
12-05-2012,104.875
13-05-2012,136.7083333
14-05-2012,46.375
15-05-2012,33.875
16-05-2012,28.375
17-05-2012,56.125
18-05-2012,92.16666667
19-05-2012,151.1331301
20-05-2012,131.6219512
21-05-2012,140.3699187
22-05-2012,87.91666667
23-05-2012,32.95833333
24-05-2012,34.04166667
25-05-2012,53.83333333
26-05-2012,80.54166667
27-05-2012,114.2083333
28-05-2012,128.8125
29-05-2012,70.625
30-05-2012,13.5
31-05-2012,65.70833333
01-06-2012,76.58333333
02-06-2012,126.4166667
03-06-2012,167.1666667
04-06-2012,114.1666667
05-06-2012,59.5
06-06-2012,148.9583333
07-06-2012,64.54166667
08-06-2012,73.5
09-06-2012,111.875
10-06-2012,13.125
11-06-2012,28.41666667
12-06-2012,22.33333333
13-06-2012,69.875
14-06-2012,10.04166667
15-06-2012,11.20833333
16-06-2012,24.29166667
17-06-2012,75.91666667
18-06-2012,174.375
19-06-2012,181.8333333
20-06-2012,180.9166667
21-06-2012,181.9583333
22-06-2012,103.1875
23-06-2012,165.625
24-06-2012,166.8541667
25-06-2012,90.75
26-06-2012,109.8333333
27-06-2012,68.875
28-06-2012,113.125
29-06-2012,85.5
30-06-2012,70.45833333
01-07-2012,131.625
02-07-2012,41.47916667
03-07-2012,32.91666667
04-07-2012,88.33333333
05-07-2012,97.08333333
06-07-2012,119.125
07-07-2012,162.1666667
08-07-2012,145.125
09-07-2012,96.875
10-07-2012,47.125
11-07-2012,64.04166667
12-07-2012,22.83333333
13-07-2012,24.91666667
14-07-2012,31.625
15-07-2012,40.875
16-07-2012,76.45833333
17-07-2012,81.89583333
18-07-2012,87.70833333
19-07-2012,121.9583333
20-07-2012,198.5416667
21-07-2012,171.625
22-07-2012,16
23-07-2012,31.95833333
24-07-2012,66.41666667
25-07-2012,84.29166667
26-07-2012,57.16666667
27-07-2012,82.8125
28-07-2012,106.3800926
29-07-2012,85.43333333
30-07-2012,52.29074074
31-07-2012,26.27083333
01-08-2012,12.58333333
02-08-2012,18.95833333
03-08-2012,56.66666667
04-08-2012,25.29166667
05-08-2012,47
06-08-2012,64.33333333
07-08-2012,67.08333333
08-08-2012,77.33333333
09-08-2012,38.08333333
10-08-2012,77.04166667
11-08-2012,94.57655039
12-08-2012,42.51162791
13-08-2012,22.95348837
14-08-2012,55.02083333
15-08-2012,52.375
16-08-2012,74.08333333
17-08-2012,124.0416667
18-08-2012,176.1294444
19-08-2012,126.42
20-08-2012,66.58
21-08-2012,17.99555556
22-08-2012,19.83333333
23-08-2012,77.20833333
24-08-2012,85.625
25-08-2012,124.9166667
26-08-2012,155.7083333
27-08-2012,67
28-08-2012,84
29-08-2012,103.7916667
30-08-2012,239.0833333
31-08-2012,185.4583333
01-09-2012,160.7083333
02-09-2012,33.95833333
03-09-2012,9.458333333
04-09-2012,13.25
05-09-2012,32.29166667
06-09-2012,90.375
07-09-2012,85.66666667
08-09-2012,49.29166667
09-09-2012,110.4583333
10-09-2012,131.2083333
11-09-2012,107.2083333
12-09-2012,20.45833333
13-09-2012,14.625
14-09-2012,17
15-09-2012,33.08333333
16-09-2012,55.625
17-09-2012,42.41666667
18-09-2012,32.79166667
19-09-2012,51.79166667
20-09-2012,112.4166667
21-09-2012,152.625
22-09-2012,106.4166667
23-09-2012,108.25
24-09-2012,63.625
25-09-2012,63
26-09-2012,25.95833333
27-09-2012,44.8125
28-09-2012,3.166666667
29-09-2012,14.20833333
30-09-2012,14.625
01-10-2012,51.25
02-10-2012,148.5
03-10-2012,73.1875
04-10-2012,12.79166667
05-10-2012,43.75
06-10-2012,95.875
07-10-2012,126.125
08-10-2012,252.5416667
09-10-2012,124.5416667
10-10-2012,16.625
11-10-2012,127.375
12-10-2012,167.625
13-10-2012,43.33333333
14-10-2012,40.83333333
15-10-2012,103.0833333
16-10-2012,42.14583333
17-10-2012,22.70833333
18-10-2012,60.08333333
19-10-2012,169.3333333
20-10-2012,213.4791667
21-10-2012,48.41666667
22-10-2012,26.29166667
23-10-2012,72.625
24-10-2012,108.7916667
25-10-2012,191.3333333
26-10-2012,279.875
27-10-2012,158.4166667
28-10-2012,24.625
29-10-2012,39.70833333
30-10-2012,30.8125
31-10-2012,27.75
01-11-2012,94.95833333
02-11-2012,161.2916667
03-11-2012,148.75
04-11-2012,19.375
05-11-2012,26.95833333
06-11-2012,80.95833333
07-11-2012,67.45833333
08-11-2012,53.16666667
09-11-2012,105.1666667
10-11-2012,77
11-11-2012,11.79166667
12-11-2012,21.04166667
13-11-2012,13.04166667
14-11-2012,35.875
15-11-2012,143.125
16-11-2012,121.0416667
17-11-2012,63.625
18-11-2012,130
19-11-2012,30.25992063
20-11-2012,81.24007937
21-11-2012,259.6666667
22-11-2012,160.5833333
23-11-2012,42.125
24-11-2012,150.5
25-11-2012,160.6666667
26-11-2012,27.375
27-11-2012,185.25
28-11-2012,23.08333333
29-11-2012,69.04166667
30-11-2012,36.25
01-12-2012,81.375
02-12-2012,235.0833333
03-12-2012,69.04166667
04-12-2012,91.91666667
05-12-2012,14.20833333
06-12-2012,70
07-12-2012,59.83333333
08-12-2012,13.16666667
09-12-2012,21.6875
10-12-2012,71.33333333
11-12-2012,137.0416667
12-12-2012,196.375
13-12-2012,222.7083333
14-12-2012,208.2916667
15-12-2012,261.5833333
16-12-2012,139.875
17-12-2012,32.54166667
18-12-2012,37.79166667
19-12-2012,191.875
20-12-2012,240.0208333
21-12-2012,130.1666667
22-12-2012,24.375
23-12-2012,22.7014974
24-12-2012,57.98828125
25-12-2012,94.17578125
26-12-2012,130.3632813
27-12-2012,166.5507813
28-12-2012,214.4078776
29-12-2012,44.20833333
30-12-2012,18.33333333
31-12-2012,86.83333333
01-01-2013,16.5
02-01-2013,18.45833333
03-01-2013,24.5
04-01-2013,78.79166667
05-01-2013,66.41666667
06-01-2013,131.0833333
07-01-2013,144.1666667
08-01-2013,131.75
09-01-2013,50.16666667
10-01-2013,242.9166667
11-01-2013,363.75
12-01-2013,541.8958333
13-01-2013,432.5
14-01-2013,306.0833333
15-01-2013,114.3333333
16-01-2013,118.9791667
17-01-2013,65.16666667
18-01-2013,271.5416667
19-01-2013,202.9166667
20-01-2013,104.2083333
21-01-2013,150.2083333
22-01-2013,184.3333333
23-01-2013,386.3333333
24-01-2013,28.91666667
25-01-2013,69.45833333
26-01-2013,157.4583333
27-01-2013,308.3333333
28-01-2013,399.375
29-01-2013,440.1666667
30-01-2013,278.125
31-01-2013,181.3333333
01-02-2013,39.125
02-02-2013,44.91666667
03-02-2013,184.6666667
04-02-2013,42.58333333
05-02-2013,90.83333333
06-02-2013,99.875
07-02-2013,12.41666667
08-02-2013,56.45833333
09-02-2013,190.125
10-02-2013,60.5
11-02-2013,64.79166667
12-02-2013,113.7083333
13-02-2013,306.9166667
14-02-2013,82.20833333
15-02-2013,39.79166667
16-02-2013,136.8333333
17-02-2013,134.5416667
18-02-2013,22.79166667
19-02-2013,30.125
20-02-2013,83.29166667
21-02-2013,201.875
22-02-2013,95.29166667
23-02-2013,135.1666667
24-02-2013,340.625
25-02-2013,163
26-02-2013,205.5833333
27-02-2013,247.7083333
28-02-2013,236.0416667
01-03-2013,10.45833333
02-03-2013,42.70833333
03-03-2013,104.6666667
04-03-2013,24.20833333
05-03-2013,174.1666667
06-03-2013,229.8333333
07-03-2013,309.7916667
08-03-2013,237.2916667
09-03-2013,67.58333333
10-03-2013,39.25
11-03-2013,125.2083333
12-03-2013,149.1666667
13-03-2013,21.875
14-03-2013,108.375
15-03-2013,248.25
16-03-2013,276.1458333
17-03-2013,339.0416667
18-03-2013,72.20833333
19-03-2013,54.29166667
20-03-2013,63.125
21-03-2013,153.8333333
22-03-2013,70.95833333
23-03-2013,57.04166667
24-03-2013,20.75
25-03-2013,112.9791667
26-03-2013,195.2916667
27-03-2013,97.375
28-03-2013,33.16666667
29-03-2013,98
30-03-2013,92.625
31-03-2013,194.75
01-04-2013,105.5833333
02-04-2013,112.8333333
03-04-2013,127.625
04-04-2013,79.79166667
05-04-2013,66.25
06-04-2013,13.95833333
07-04-2013,79.20833333
08-04-2013,21.04166667
09-04-2013,11.5
10-04-2013,12
11-04-2013,18.25
12-04-2013,50.58333333
13-04-2013,61.375
14-04-2013,28.70833333
15-04-2013,70.14583333
16-04-2013,60.1875
17-04-2013,47.875
18-04-2013,11.70833333
19-04-2013,53.54166667
20-04-2013,76.95833333
21-04-2013,130.9166667
22-04-2013,169.5833333
23-04-2013,203.2916667
24-04-2013,87.95833333
25-04-2013,13.54166667
26-04-2013,74.5
27-04-2013,70.29166667
28-04-2013,75.54166667
29-04-2013,27.125
30-04-2013,23.20833333
01-05-2013,44.33333333
02-05-2013,83.41666667
03-05-2013,63
04-05-2013,85.875
05-05-2013,178.7916667
06-05-2013,219.4166667
07-05-2013,177.5
08-05-2013,130.7083333
09-05-2013,48.41666667
10-05-2013,49.83333333
11-05-2013,54.125
12-05-2013,48.5
13-05-2013,94.95833333
14-05-2013,71.04166667
15-05-2013,68.625
16-05-2013,67.66666667
17-05-2013,107.5147059
18-05-2013,104.5269608
19-05-2013,54.91666667
20-05-2013,46.58333333
21-05-2013,102
22-05-2013,63.83333333
23-05-2013,81.83333333
24-05-2013,120.9166667
25-05-2013,61.70833333
26-05-2013,105.0833333
27-05-2013,74.66666667
28-05-2013,83.41666667
29-05-2013,21.54166667
30-05-2013,58.875
31-05-2013,89.41666667
01-06-2013,75.20833333
02-06-2013,151.6666667
03-06-2013,131.25
04-06-2013,133.625
05-06-2013,142.8333333
06-06-2013,154.9583333
07-06-2013,137.4583333
08-06-2013,173.4166667
09-06-2013,62.54166667
10-06-2013,31.91666667
11-06-2013,62.70833333
12-06-2013,65
13-06-2013,107.9583333
14-06-2013,107.2083333
15-06-2013,123.8333333
16-06-2013,173.8333333
17-06-2013,40.58333333
18-06-2013,52.16666667
19-06-2013,52.41666667
20-06-2013,85.91666667
21-06-2013,80.08333333
22-06-2013,59.16666667
23-06-2013,67.54166667
24-06-2013,110.4583333
25-06-2013,122.25
26-06-2013,153.3333333
27-06-2013,96.58333333
28-06-2013,301.0833333
29-06-2013,97.70833333
30-06-2013,181.7083333
01-07-2013,148.0416667
02-07-2013,18.16666667
03-07-2013,30.95833333
04-07-2013,28.83333333
05-07-2013,22.83333333
06-07-2013,61.125
07-07-2013,84.83333333
08-07-2013,94.04166667
09-07-2013,87.91666667
10-07-2013,37.125
11-07-2013,40
12-07-2013,70.29166667
13-07-2013,108.7916667
14-07-2013,88.16666667
15-07-2013,63.41666667
16-07-2013,27.375
17-07-2013,48.375
18-07-2013,134.0833333
19-07-2013,122.5
20-07-2013,99.04166667
21-07-2013,72.875
22-07-2013,96.45833333
23-07-2013,43.83333333
24-07-2013,40.83333333
25-07-2013,33.08333333
26-07-2013,54.04166667
27-07-2013,107.4166667
28-07-2013,64
29-07-2013,66.33333333
30-07-2013,101.0833333
31-07-2013,45.79166667
01-08-2013,44.91666667
02-08-2013,70.95833333
03-08-2013,32.91666667
04-08-2013,84.20833333
05-08-2013,44.41666667
06-08-2013,121.4583333
07-08-2013,36.79166667
08-08-2013,31.91666667
09-08-2013,36.04166667
10-08-2013,88.33333333
11-08-2013,123
12-08-2013,53.20833333
13-08-2013,79.41666667
14-08-2013,62.125
15-08-2013,100.9166667
16-08-2013,107.6666667
17-08-2013,44.66666667
18-08-2013,15.83333333
19-08-2013,25.5625
20-08-2013,92.08333333
21-08-2013,101.3958333
22-08-2013,122.3125
23-08-2013,61.08333333
24-08-2013,38.29166667
25-08-2013,44.58333333
26-08-2013,53.875
27-08-2013,54.75
28-08-2013,72.41666667
29-08-2013,36.58333333
30-08-2013,14.75
31-08-2013,23.75
01-09-2013,48.45833333
02-09-2013,59.875
03-09-2013,99.58333333
04-09-2013,83.125
05-09-2013,24.625
06-09-2013,77.375
07-09-2013,82.08333333
08-09-2013,111.6666667
09-09-2013,85.375
10-09-2013,66.45833333
11-09-2013,72.58333333
12-09-2013,153.2916667
13-09-2013,100.5416667
14-09-2013,72.83333333
15-09-2013,24.83333333
16-09-2013,57.125
17-09-2013,103.4583333
18-09-2013,115.75
19-09-2013,122.0833333
20-09-2013,67.79166667
21-09-2013,53.58333333
22-09-2013,90.5
23-09-2013,44.29166667
24-09-2013,15.375
25-09-2013,16.70833333
26-09-2013,54.14583333
27-09-2013,192.7083333
28-09-2013,243.5833333
29-09-2013,229.9166667
30-09-2013,149.2916667
01-10-2013,77.25
02-10-2013,19.16666667
03-10-2013,61.16666667
04-10-2013,153.4583333
05-10-2013,307.6666667
06-10-2013,219.75
07-10-2013,96.5
08-10-2013,62.79166667
09-10-2013,141.875
10-10-2013,89.33333333
11-10-2013,56.04166667
12-10-2013,70.625
13-10-2013,57.75
14-10-2013,40.33333333
15-10-2013,21.58333333
16-10-2013,59.58333333
17-10-2013,160.75
18-10-2013,245.7083333
19-10-2013,78.125
20-10-2013,28.5
21-10-2013,96.83333333
22-10-2013,150.7083333
23-10-2013,28.33333333
24-10-2013,22.66666667
25-10-2013,46.66666667
26-10-2013,66.58333333
27-10-2013,220.5416667
28-10-2013,316
29-10-2013,42.5
30-10-2013,94.58333333
31-10-2013,162.8333333
01-11-2013,220.25
02-11-2013,281.0416667
03-11-2013,61
04-11-2013,47.04166667
05-11-2013,197.7083333
06-11-2013,125.5833333
07-11-2013,38.08333333
08-11-2013,162.125
09-11-2013,103.9583333
10-11-2013,19.08333333
11-11-2013,37.91666667
12-11-2013,63.625
13-11-2013,190.9583333
14-11-2013,73.16666667
15-11-2013,113
16-11-2013,55.625
17-11-2013,13.70833333
18-11-2013,11.5
19-11-2013,38.47916667
20-11-2013,75.20833333
21-11-2013,128.5833333
22-11-2013,167.875
23-11-2013,233.4791667
24-11-2013,102.875
25-11-2013,21.91666667
26-11-2013,28.70833333
27-11-2013,7.458333333
28-11-2013,25.5
29-11-2013,57.41666667
30-11-2013,37.58333333
01-12-2013,79.16666667
02-12-2013,133.5833333
03-12-2013,92.5
04-12-2013,116.25
05-12-2013,49.25
06-12-2013,154.6666667
07-12-2013,343.9166667
08-12-2013,232.25
09-12-2013,17.33333333
10-12-2013,29.5
11-12-2013,28.66666667
12-12-2013,23.16666667
13-12-2013,68.625
14-12-2013,63.70833333
15-12-2013,50.25
16-12-2013,181.75
17-12-2013,89.91666667
18-12-2013,50.125
19-12-2013,41.58333333
20-12-2013,41.33333333
21-12-2013,81.70833333
22-12-2013,177.9583333
23-12-2013,149.8333333
24-12-2013,315.9166667
25-12-2013,180.7083333
26-12-2013,14.625
27-12-2013,31.91666667
28-12-2013,21.125
29-12-2013,50.52083333
30-12-2013,39.83333333
31-12-2013,51.83333333
01-01-2014,53.41666667
02-01-2014,162.625
03-01-2014,61.91666667
04-01-2014,150.4166667
05-01-2014,104.0833333
06-01-2014,150.875
07-01-2014,121.3333333
08-01-2014,19.25
09-01-2014,32.41666667
10-01-2014,79.83333333
11-01-2014,156.7083333
12-01-2014,24.375
13-01-2014,119.8333333
14-01-2014,124.75
15-01-2014,191.7916667
16-01-2014,457.5
17-01-2014,167.5416667
18-01-2014,71.25
19-01-2014,131.1666667
20-01-2014,10.45833333
21-01-2014,42.375
22-01-2014,154.0416667
23-01-2014,289.375
24-01-2014,162.6666667
25-01-2014,34.20833333
26-01-2014,55.66666667
27-01-2014,100.7916667
28-01-2014,43.91666667
29-01-2014,142.875
30-01-2014,75.16666667
31-01-2014,164.2916667
01-02-2014,156.8333333
02-02-2014,74.375
03-02-2014,7.416666667
04-02-2014,25.75
05-02-2014,102.375
06-02-2014,145.25
07-02-2014,102.25
08-02-2014,60.04166667
09-02-2014,13.375
10-02-2014,23.91666667
11-02-2014,124.8333333
12-02-2014,143.5833333
13-02-2014,211.1666667
14-02-2014,286.5
15-02-2014,372
16-02-2014,273.875
17-02-2014,80.79166667
18-02-2014,67.45833333
19-02-2014,78.41666667
20-02-2014,258.0625
21-02-2014,331.0833333
22-02-2014,339.5833333
23-02-2014,292.3958333
24-02-2014,351.625
25-02-2014,442.6666667
26-02-2014,407.6666667
27-02-2014,19.91666667
28-02-2014,97.41666667
01-03-2014,84.91666667
02-03-2014,154.5833333
03-03-2014,245.2083333
04-03-2014,59.79166667
05-03-2014,24.95833333
06-03-2014,18.08333333
07-03-2014,59.66666667
08-03-2014,174.7916667
09-03-2014,123.0416667
10-03-2014,101.4583333
11-03-2014,204.7083333
12-03-2014,18.08333333
13-03-2014,22.75
14-03-2014,22.875
15-03-2014,109.0416667
16-03-2014,124.625
17-03-2014,91.08333333
18-03-2014,39.95833333
19-03-2014,59.66666667
20-03-2014,10.33333333
21-03-2014,25.64583333
22-03-2014,65
23-03-2014,152.4583333
24-03-2014,243.9166667
25-03-2014,228.375
26-03-2014,306.4166667
27-03-2014,270.75
28-03-2014,148.25
29-03-2014,45.5
30-03-2014,34.16666667
31-03-2014,151.3333333
01-04-2014,132.9583333
02-04-2014,106.75
03-04-2014,24.375
04-04-2014,32.54166667
05-04-2014,25.54166667
06-04-2014,57.91666667
07-04-2014,95.29166667
08-04-2014,169.2916667
09-04-2014,145.375
10-04-2014,89.85416667
11-04-2014,60.29166667
12-04-2014,117.875
13-04-2014,157.6666667
14-04-2014,245.2916667
15-04-2014,67.375
16-04-2014,65.08333333
17-04-2014,117.7083333
18-04-2014,145.5833333
19-04-2014,63.5
20-04-2014,69.04166667
21-04-2014,50.91666667
22-04-2014,77.41666667
23-04-2014,120.8333333
24-04-2014,111.2916667
25-04-2014,125.7083333
26-04-2014,39.16666667
27-04-2014,66.83333333
28-04-2014,67.75
29-04-2014,104.7916667
30-04-2014,112.25
01-05-2014,123.5416667
02-05-2014,38
03-05-2014,80.66666667
04-05-2014,46.79166667
05-05-2014,46.95833333
06-05-2014,98.79166667
07-05-2014,91.08333333
08-05-2014,87.75
09-05-2014,68.83333333
10-05-2014,54.91666667
11-05-2014,30.75
12-05-2014,47.25
13-05-2014,59.08333333
14-05-2014,22.95833333
15-05-2014,78.66666667
16-05-2014,80.29166667
17-05-2014,69.375
18-05-2014,100.1666667
19-05-2014,109.7916667
20-05-2014,83
21-05-2014,100.3333333
22-05-2014,139.5
23-05-2014,79.625
24-05-2014,90
25-05-2014,74.75
26-05-2014,19.95833333
27-05-2014,30.5
28-05-2014,30.08333333
29-05-2014,45.375
30-05-2014,91.25
31-05-2014,115.2916667
01-06-2014,51.875
02-06-2014,33.33333333
03-06-2014,41.875
04-06-2014,62.95833333
05-06-2014,67.27083333
06-06-2014,56.60416667
07-06-2014,12.85416667
08-06-2014,36.9375
09-06-2014,32.45833333
10-06-2014,75.91666667
11-06-2014,46.83333333
12-06-2014,30.33333333
13-06-2014,60.83333333
14-06-2014,43.70833333
15-06-2014,115.1666667
16-06-2014,137
17-06-2014,80.08333333
18-06-2014,66.47916667
19-06-2014,126.5416667
20-06-2014,46.04166667
21-06-2014,56.95833333
22-06-2014,32.95833333
23-06-2014,22.75
24-06-2014,53.70833333
25-06-2014,92.70833333
26-06-2014,120.875
27-06-2014,18.625
28-06-2014,20.16666667
29-06-2014,48.08333333
30-06-2014,70.08333333
01-07-2014,102.9166667
02-07-2014,66.04166667
03-07-2014,209.7916667
04-07-2014,204.5
05-07-2014,120.7083333
06-07-2014,193.0833333
07-07-2014,147.5
08-07-2014,87.25
09-07-2014,25.5
10-07-2014,30.79166667
11-07-2014,30.91666667
12-07-2014,13.79166667
13-07-2014,21.58333333
14-07-2014,30.75
15-07-2014,49.45833333
16-07-2014,111.5
17-07-2014,140.2916667
18-07-2014,121.2916667
19-07-2014,63.16666667
20-07-2014,59.91666667
21-07-2014,26.95833333
22-07-2014,14.375
23-07-2014,23.5
24-07-2014,66.20833333
25-07-2014,75.83333333
26-07-2014,93.5
27-07-2014,96.20833333
28-07-2014,102.4166667
29-07-2014,107.75
30-07-2014,132.7916667
31-07-2014,179.875
01-08-2014,132.6666667
02-08-2014,94.125
03-08-2014,105.5833333
04-08-2014,34.83333333
05-08-2014,21.70833333
06-08-2014,32.875
07-08-2014,64.79166667
08-08-2014,58.04166667
09-08-2014,80.20833333
10-08-2014,33.5
11-08-2014,23.91666667
12-08-2014,27.20833333
13-08-2014,26.75
14-08-2014,28.29166667
15-08-2014,42.45833333
16-08-2014,60.5
17-08-2014,51.375
18-08-2014,58.33333333
19-08-2014,77.25
20-08-2014,89.46666667
21-08-2014,120.6583333
22-08-2014,54.33333333
23-08-2014,121.4583333
24-08-2014,19.83333333
25-08-2014,15.75
26-08-2014,22.04166667
27-08-2014,55.20833333
28-08-2014,84.16666667
29-08-2014,85
30-08-2014,149.5
31-08-2014,89.33333333
01-09-2014,115.1666667
02-09-2014,26.625
03-09-2014,12.625
04-09-2014,41.875
05-09-2014,92.41666667
06-09-2014,134
07-09-2014,143.8333333
08-09-2014,12
09-09-2014,39.33333333
10-09-2014,67.45833333
11-09-2014,93.45833333
12-09-2014,70.95833333
13-09-2014,63.58333333
14-09-2014,45.91666667
15-09-2014,18.58333333
16-09-2014,45.5625
17-09-2014,36.66666667
18-09-2014,68.75
19-09-2014,94.875
20-09-2014,135.1666667
21-09-2014,96.125
22-09-2014,106.875
23-09-2014,65.0625
24-09-2014,30.95833333
25-09-2014,123.375
26-09-2014,137.8333333
27-09-2014,37.33333333
28-09-2014,66.95833333
29-09-2014,54.375
30-09-2014,26.125
01-10-2014,82.54166667
02-10-2014,65.79166667
03-10-2014,127.9583333
04-10-2014,86.66666667
05-10-2014,35.5
06-10-2014,33.83333333
07-10-2014,143.8333333
08-10-2014,305.2083333
09-10-2014,376.2916667
10-10-2014,325.375
11-10-2014,197.5833333
12-10-2014,6.833333333
13-10-2014,14.41666667
14-10-2014,48.5
15-10-2014,53.25
16-10-2014,40.75
17-10-2014,112.3333333
18-10-2014,203.4583333
19-10-2014,284.1666667
20-10-2014,215.0833333
21-10-2014,45.25
22-10-2014,92.125
23-10-2014,143.0416667
24-10-2014,261.4166667
25-10-2014,366.375
26-10-2014,87.54166667
27-10-2014,31.33333333
28-10-2014,67.54166667
29-10-2014,130.5
30-10-2014,190.2916667
31-10-2014,186.8333333
01-11-2014,50.29166667
02-11-2014,7.666666667
03-11-2014,25.375
04-11-2014,124.2916667
05-11-2014,79.875
06-11-2014,13.66666667
07-11-2014,52.875
08-11-2014,78.33333333
09-11-2014,65
10-11-2014,79.66666667
11-11-2014,49.33333333
12-11-2014,6.416666667
13-11-2014,26
14-11-2014,42.20833333
15-11-2014,168.1666667
16-11-2014,122.375
17-11-2014,23.83333333
18-11-2014,85.16666667
19-11-2014,319.875
20-11-2014,335.599359
21-11-2014,169.150641
22-11-2014,44.33333333
23-11-2014,128.0416667
24-11-2014,96.125
25-11-2014,173.1666667
26-11-2014,302.1666667
27-11-2014,80.41666667
28-11-2014,95.375
29-11-2014,301.5416667
30-11-2014,91.41666667
01-12-2014,15.04166667
02-12-2014,51.79166667
03-12-2014,25.375
04-12-2014,9.208333333
05-12-2014,36.375
06-12-2014,70.54166667
07-12-2014,55.25
08-12-2014,71.10416667
09-12-2014,307.7291667
10-12-2014,142.9583333
11-12-2014,24.79166667
12-12-2014,13.70833333
13-12-2014,46.58333333
14-12-2014,100.75
15-12-2014,88.75
16-12-2014,11.125
17-12-2014,97.70833333
18-12-2014,169.25
19-12-2014,77.66666667
20-12-2014,10.91666667
21-12-2014,18.5
22-12-2014,95.25
23-12-2014,101.875
24-12-2014,14.125
25-12-2014,27
26-12-2014,170.25
27-12-2014,238.6666667
28-12-2014,197.375
29-12-2014,159
30-12-2014,46.08333333
31-12-2014,10.04166667
